{
  "query": "SELECT id, name, region FROM districts ORDER BY id;",
  "command": "mysql --batch --raw --column-names --default-character-set=utf8mb4 --host gateway02.us-east-1.prod.aws.tidbcloud.com --port 4000 --user 2urQ2Y5ox8SwiQm.e293c8dbbee4 --database UQnsC7UkUSExcoqL3bpybA --execute SELECT id, name, region FROM districts ORDER BY id;",
  "rows": [
    {
      "id": "Alabama",
      "name": "Alabama",
      "region": "Southeast"
    },
    {
      "id": "Alaska",
      "name": "Alaska",
      "region": "Northwest"
    },
    {
      "id": "Arizona",
      "name": "Arizona",
      "region": "West Coast"
    },
    {
      "id": "Arkansas",
      "name": "Arkansas",
      "region": "South Central"
    },
    {
      "id": "Colorado",
      "name": "Colorado",
      "region": "Big Sky"
    },
    {
      "id": "Connecticut",
      "name": "Connecticut",
      "region": "Northeast"
    },
    {
      "id": "Florida",
      "name": "Florida",
      "region": "Southeast"
    },
    {
      "id": "Georgia",
      "name": "Georgia",
      "region": "Southeast"
    },
    {
      "id": "Hawaii",
      "name": "Hawaii",
      "region": "West Coast"
    },
    {
      "id": "Illinois",
      "name": "Illinois",
      "region": "Great Lakes"
    },
    {
      "id": "Illinous",
      "name": "Illinois",
      "region": "Great Lakes"
    },
    {
      "id": "Indiana",
      "name": "Indiana",
      "region": "Great Lakes"
    },
    {
      "id": "Iowa",
      "name": "Iowa",
      "region": "Great Plains South"
    },
    {
      "id": "Kansas",
      "name": "Kansas",
      "region": "Great Plains South"
    },
    {
      "id": "Kentucky",
      "name": "Kentucky",
      "region": "Mid-Atlantic (Extended)"
    },
    {
      "id": "Louisiana",
      "name": "Louisiana",
      "region": "South Central"
    },
    {
      "id": "Maine",
      "name": "Maine",
      "region": "Northeast"
    },
    {
      "id": "Massachusetts",
      "name": "Massachusetts",
      "region": "Northeast"
    },
    {
      "id": "Michigan",
      "name": "Michigan",
      "region": "Great Lakes"
    },
    {
      "id": "Minnesota",
      "name": "Minnesota",
      "region": "Great Plains North"
    },
    {
      "id": "Mississippi",
      "name": "Mississippi",
      "region": "Southeast"
    },
    {
      "id": "Montana",
      "name": "Montana",
      "region": "Big Sky"
    },
    {
      "id": "Nebraska",
      "name": "Nebraska",
      "region": "Great Plains South"
    },
    {
      "id": "Nevada",
      "name": "Nevada",
      "region": "West Coast"
    },
    {
      "id": "NewHampshire",
      "name": "New Hampshire",
      "region": "Northeast"
    },
    {
      "id": "NewJersey",
      "name": "New Jersey",
      "region": "Northeast"
    },
    {
      "id": "NewMexico",
      "name": "New Mexico",
      "region": "Texico"
    },
    {
      "id": "NewYork",
      "name": "New York",
      "region": "Northeast"
    },
    {
      "id": "North Dakota A",
      "name": "North Dakota A",
      "region": "North Central"
    },
    {
      "id": "North Dakota B",
      "name": "North Dakota B",
      "region": "North Central"
    },
    {
      "id": "NorthCalifornia",
      "name": "North California",
      "region": "West Coast"
    },
    {
      "id": "NorthCarolina",
      "name": "North Carolina",
      "region": "Mid-Atlantic"
    },
    {
      "id": "NorthDakota",
      "name": "North Dakota",
      "region": "Great Plains North"
    },
    {
      "id": "NorthIdaho",
      "name": "North Idaho",
      "region": "Northwest"
    },
    {
      "id": "NorthMissouri",
      "name": "North Missouri",
      "region": "Great Plains South"
    },
    {
      "id": "NorthTexas",
      "name": "North Texas",
      "region": "Texico"
    },
    {
      "id": "Ohio",
      "name": "Ohio",
      "region": "Great Lakes"
    },
    {
      "id": "Oklahoma",
      "name": "Oklahoma",
      "region": "South Central"
    },
    {
      "id": "Oregon",
      "name": "Oregon",
      "region": "Northwest"
    },
    {
      "id": "Pennsylvania",
      "name": "Pennsylvania",
      "region": "Northeast"
    },
    {
      "id": "SouthCalifornia",
      "name": "South California",
      "region": "West Coast"
    },
    {
      "id": "SouthCarolina",
      "name": "South Carolina",
      "region": "Southeast"
    },
    {
      "id": "SouthDakota",
      "name": "South Dakota",
      "region": "Great Plains North"
    },
    {
      "id": "SouthIdaho",
      "name": "South Idaho",
      "region": "Big Sky"
    },
    {
      "id": "SouthMissouri",
      "name": "South Missouri",
      "region": "Great Plains South"
    },
    {
      "id": "SouthTexas",
      "name": "South Texas",
      "region": "Texico"
    },
    {
      "id": "Tennessee",
      "name": "Tennessee",
      "region": "Mid-Atlantic (Extended)"
    },
    {
      "id": "Utah",
      "name": "Utah",
      "region": "Big Sky"
    },
    {
      "id": "Vermont",
      "name": "Vermont",
      "region": "Northeast"
    },
    {
      "id": "Virginia",
      "name": "Virginia",
      "region": "Mid-Atlantic"
    },
    {
      "id": "Washington",
      "name": "Washington",
      "region": "Northwest"
    },
    {
      "id": "WestFlorida",
      "name": "West Florida",
      "region": "Southeast"
    },
    {
      "id": "WestTexas",
      "name": "West Texas",
      "region": "Texico"
    },
    {
      "id": "WestVirginia",
      "name": "West Virginia",
      "region": "Mid-Atlantic (Extended)"
    },
    {
      "id": "Wisconsin",
      "name": "Wisconsin",
      "region": "Great Plains North"
    },
    {
      "id": "Wyoming",
      "name": "Wyoming",
      "region": "Big Sky"
    }
  ],
  "messages": [],
  "stdout": "id\tname\tregion\nAlabama\tAlabama\tSoutheast\nAlaska\tAlaska\tNorthwest\nArizona\tArizona\tWest Coast\nArkansas\tArkansas\tSouth Central\nColorado\tColorado\tBig Sky\nConnecticut\tConnecticut\tNortheast\nFlorida\tFlorida\tSoutheast\nGeorgia\tGeorgia\tSoutheast\nHawaii\tHawaii\tWest Coast\nIllinois\tIllinois\tGreat Lakes\nIllinous\tIllinois\tGreat Lakes\nIndiana\tIndiana\tGreat Lakes\nIowa\tIowa\tGreat Plains South\nKansas\tKansas\tGreat Plains South\nKentucky\tKentucky\tMid-Atlantic (Extended)\nLouisiana\tLouisiana\tSouth Central\nMaine\tMaine\tNortheast\nMassachusetts\tMassachusetts\tNortheast\nMichigan\tMichigan\tGreat Lakes\nMinnesota\tMinnesota\tGreat Plains North\nMississippi\tMississippi\tSoutheast\nMontana\tMontana\tBig Sky\nNebraska\tNebraska\tGreat Plains South\nNevada\tNevada\tWest Coast\nNewHampshire\tNew Hampshire\tNortheast\nNewJersey\tNew Jersey\tNortheast\nNewMexico\tNew Mexico\tTexico\nNewYork\tNew York\tNortheast\nNorth Dakota A\tNorth Dakota A\tNorth Central\nNorth Dakota B\tNorth Dakota B\tNorth Central\nNorthCalifornia\tNorth California\tWest Coast\nNorthCarolina\tNorth Carolina\tMid-Atlantic\nNorthDakota\tNorth Dakota\tGreat Plains North\nNorthIdaho\tNorth Idaho\tNorthwest\nNorthMissouri\tNorth Missouri\tGreat Plains South\nNorthTexas\tNorth Texas\tTexico\nOhio\tOhio\tGreat Lakes\nOklahoma\tOklahoma\tSouth Central\nOregon\tOregon\tNorthwest\nPennsylvania\tPennsylvania\tNortheast\nSouthCalifornia\tSouth California\tWest Coast\nSouthCarolina\tSouth Carolina\tSoutheast\nSouthDakota\tSouth Dakota\tGreat Plains North\nSouthIdaho\tSouth Idaho\tBig Sky\nSouthMissouri\tSouth Missouri\tGreat Plains South\nSouthTexas\tSouth Texas\tTexico\nTennessee\tTennessee\tMid-Atlantic (Extended)\nUtah\tUtah\tBig Sky\nVermont\tVermont\tNortheast\nVirginia\tVirginia\tMid-Atlantic\nWashington\tWashington\tNorthwest\nWestFlorida\tWest Florida\tSoutheast\nWestTexas\tWest Texas\tTexico\nWestVirginia\tWest Virginia\tMid-Atlantic (Extended)\nWisconsin\tWisconsin\tGreat Plains North\nWyoming\tWyoming\tBig Sky\n",
  "stderr": "",
  "execution_time_ms": 51
}