{
  "query": "SELECT id, name, region FROM districts ORDER BY region, id",
  "command": "mysql --batch --raw --column-names --default-character-set=utf8mb4 --host gateway02.us-east-1.prod.aws.tidbcloud.com --port 4000 --user 2urQ2Y5ox8SwiQm.e293c8dbbee4 --database UQnsC7UkUSExcoqL3bpybA --execute SELECT id, name, region FROM districts ORDER BY region, id",
  "rows": [
    {
      "id": "Colorado",
      "name": "Colorado",
      "region": "Big Sky"
    },
    {
      "id": "Montana",
      "name": "Montana",
      "region": "Big Sky"
    },
    {
      "id": "SouthIdaho",
      "name": "South Idaho",
      "region": "Big Sky"
    },
    {
      "id": "Utah",
      "name": "Utah",
      "region": "Big Sky"
    },
    {
      "id": "Wyoming",
      "name": "Wyoming",
      "region": "Big Sky"
    },
    {
      "id": "Illinois",
      "name": "Illinois",
      "region": "Great Lakes"
    },
    {
      "id": "Indiana",
      "name": "Indiana",
      "region": "Great Lakes"
    },
    {
      "id": "Michigan",
      "name": "Michigan",
      "region": "Great Lakes"
    },
    {
      "id": "Ohio",
      "name": "Ohio",
      "region": "Great Lakes"
    },
    {
      "id": "Wisconsin-NorthMichigan",
      "name": "Wisconsin & North Michigan",
      "region": "Great Lakes"
    },
    {
      "id": "Iowa",
      "name": "Iowa",
      "region": "Great Plains North"
    },
    {
      "id": "Minnesota",
      "name": "Minnesota",
      "region": "Great Plains North"
    },
    {
      "id": "Nebraska",
      "name": "Nebraska",
      "region": "Great Plains North"
    },
    {
      "id": "NorthDakota",
      "name": "North Dakota",
      "region": "Great Plains North"
    },
    {
      "id": "SouthDakota",
      "name": "South Dakota",
      "region": "Great Plains North"
    },
    {
      "id": "Wisconsin",
      "name": "Wisconsin",
      "region": "Great Plains North"
    },
    {
      "id": "Kansas",
      "name": "Kansas",
      "region": "Great Plains South"
    },
    {
      "id": "NorthMissouri",
      "name": "North Missouri",
      "region": "Great Plains South"
    },
    {
      "id": "SouthMissouri",
      "name": "South Missouri",
      "region": "Great Plains South"
    },
    {
      "id": "Appalachian",
      "name": "Appalachian",
      "region": "Mid-Atlantic"
    },
    {
      "id": "Kentucky",
      "name": "Kentucky",
      "region": "Mid-Atlantic"
    },
    {
      "id": "NewJersey",
      "name": "New Jersey",
      "region": "Mid-Atlantic"
    },
    {
      "id": "NorthCarolina",
      "name": "North Carolina",
      "region": "Mid-Atlantic"
    },
    {
      "id": "Penn-Del",
      "name": "Pennsylvania & Delaware",
      "region": "Mid-Atlantic"
    },
    {
      "id": "Potomac",
      "name": "Potomac",
      "region": "Mid-Atlantic"
    },
    {
      "id": "Tennessee",
      "name": "Tennessee",
      "region": "Mid-Atlantic"
    },
    {
      "id": "Virginia",
      "name": "Virginia",
      "region": "Mid-Atlantic"
    },
    {
      "id": "WestVirginia",
      "name": "West Virginia",
      "region": "Mid-Atlantic (Extended)"
    },
    {
      "id": "North Dakota A",
      "name": "North Dakota A",
      "region": "North Central"
    },
    {
      "id": "North Dakota B",
      "name": "North Dakota B",
      "region": "North Central"
    },
    {
      "id": "Connecticut",
      "name": "Connecticut",
      "region": "Northeast"
    },
    {
      "id": "Maine",
      "name": "Maine",
      "region": "Northeast"
    },
    {
      "id": "Massachusetts",
      "name": "Massachusetts",
      "region": "Northeast"
    },
    {
      "id": "NewHampshire",
      "name": "New Hampshire",
      "region": "Northeast"
    },
    {
      "id": "NewYork",
      "name": "New York",
      "region": "Northeast"
    },
    {
      "id": "NorthernNewEnglend",
      "name": "Northern New England",
      "region": "Northeast"
    },
    {
      "id": "Pennsylvania",
      "name": "Pennsylvania",
      "region": "Northeast"
    },
    {
      "id": "SouthernNewEngland",
      "name": "Southern New England",
      "region": "Northeast"
    },
    {
      "id": "Vermont",
      "name": "Vermont",
      "region": "Northeast"
    },
    {
      "id": "Alaska",
      "name": "Alaska",
      "region": "Northwest"
    },
    {
      "id": "NorthIdaho",
      "name": "North Idaho",
      "region": "Northwest"
    },
    {
      "id": "Oregon",
      "name": "Oregon",
      "region": "Northwest"
    },
    {
      "id": "Washington",
      "name": "Washington",
      "region": "Northwest"
    },
    {
      "id": "Arkansas",
      "name": "Arkansas",
      "region": "South Central"
    },
    {
      "id": "Louisiana",
      "name": "Louisiana",
      "region": "South Central"
    },
    {
      "id": "Oklahoma",
      "name": "Oklahoma",
      "region": "South Central"
    },
    {
      "id": "Alabama",
      "name": "Alabama",
      "region": "Southeast"
    },
    {
      "id": "Florida",
      "name": "Florida",
      "region": "Southeast"
    },
    {
      "id": "Georgia",
      "name": "Georgia",
      "region": "Southeast"
    },
    {
      "id": "Mississippi",
      "name": "Mississippi",
      "region": "Southeast"
    },
    {
      "id": "PeninsularFlorida",
      "name": "Peninsular Florida",
      "region": "Southeast"
    },
    {
      "id": "SouthCarolina",
      "name": "South Carolina",
      "region": "Southeast"
    },
    {
      "id": "WestFlorida",
      "name": "West Florida",
      "region": "Southeast"
    },
    {
      "id": "NewMexico",
      "name": "New Mexico",
      "region": "Texico"
    },
    {
      "id": "NorthTexas",
      "name": "North Texas",
      "region": "Texico"
    },
    {
      "id": "SouthTexas",
      "name": "South Texas",
      "region": "Texico"
    },
    {
      "id": "WestTexas",
      "name": "West Texas",
      "region": "Texico"
    },
    {
      "id": "Arizona",
      "name": "Arizona",
      "region": "West Coast"
    },
    {
      "id": "Hawaii",
      "name": "Hawaii",
      "region": "West Coast"
    },
    {
      "id": "Nevada",
      "name": "Nevada",
      "region": "West Coast"
    },
    {
      "id": "NorthCalifornia",
      "name": "North California",
      "region": "West Coast"
    },
    {
      "id": "NorthernCal-Nevada",
      "name": "Northern California & Nevada",
      "region": "West Coast"
    },
    {
      "id": "SouthCalifornia",
      "name": "South California",
      "region": "West Coast"
    },
    {
      "id": "SouthernCalifornia",
      "name": "Southern California",
      "region": "West Coast"
    }
  ],
  "messages": [],
  "stdout": "id\tname\tregion\nColorado\tColorado\tBig Sky\nMontana\tMontana\tBig Sky\nSouthIdaho\tSouth Idaho\tBig Sky\nUtah\tUtah\tBig Sky\nWyoming\tWyoming\tBig Sky\nIllinois\tIllinois\tGreat Lakes\nIndiana\tIndiana\tGreat Lakes\nMichigan\tMichigan\tGreat Lakes\nOhio\tOhio\tGreat Lakes\nWisconsin-NorthMichigan\tWisconsin & North Michigan\tGreat Lakes\nIowa\tIowa\tGreat Plains North\nMinnesota\tMinnesota\tGreat Plains North\nNebraska\tNebraska\tGreat Plains North\nNorthDakota\tNorth Dakota\tGreat Plains North\nSouthDakota\tSouth Dakota\tGreat Plains North\nWisconsin\tWisconsin\tGreat Plains North\nKansas\tKansas\tGreat Plains South\nNorthMissouri\tNorth Missouri\tGreat Plains South\nSouthMissouri\tSouth Missouri\tGreat Plains South\nAppalachian\tAppalachian\tMid-Atlantic\nKentucky\tKentucky\tMid-Atlantic\nNewJersey\tNew Jersey\tMid-Atlantic\nNorthCarolina\tNorth Carolina\tMid-Atlantic\nPenn-Del\tPennsylvania & Delaware\tMid-Atlantic\nPotomac\tPotomac\tMid-Atlantic\nTennessee\tTennessee\tMid-Atlantic\nVirginia\tVirginia\tMid-Atlantic\nWestVirginia\tWest Virginia\tMid-Atlantic (Extended)\nNorth Dakota A\tNorth Dakota A\tNorth Central\nNorth Dakota B\tNorth Dakota B\tNorth Central\nConnecticut\tConnecticut\tNortheast\nMaine\tMaine\tNortheast\nMassachusetts\tMassachusetts\tNortheast\nNewHampshire\tNew Hampshire\tNortheast\nNewYork\tNew York\tNortheast\nNorthernNewEnglend\tNorthern New England\tNortheast\nPennsylvania\tPennsylvania\tNortheast\nSouthernNewEngland\tSouthern New England\tNortheast\nVermont\tVermont\tNortheast\nAlaska\tAlaska\tNorthwest\nNorthIdaho\tNorth Idaho\tNorthwest\nOregon\tOregon\tNorthwest\nWashington\tWashington\tNorthwest\nArkansas\tArkansas\tSouth Central\nLouisiana\tLouisiana\tSouth Central\nOklahoma\tOklahoma\tSouth Central\nAlabama\tAlabama\tSoutheast\nFlorida\tFlorida\tSoutheast\nGeorgia\tGeorgia\tSoutheast\nMississippi\tMississippi\tSoutheast\nPeninsularFlorida\tPeninsular Florida\tSoutheast\nSouthCarolina\tSouth Carolina\tSoutheast\nWestFlorida\tWest Florida\tSoutheast\nNewMexico\tNew Mexico\tTexico\nNorthTexas\tNorth Texas\tTexico\nSouthTexas\tSouth Texas\tTexico\nWestTexas\tWest Texas\tTexico\nArizona\tArizona\tWest Coast\nHawaii\tHawaii\tWest Coast\nNevada\tNevada\tWest Coast\nNorthCalifornia\tNorth California\tWest Coast\nNorthernCal-Nevada\tNorthern California & Nevada\tWest Coast\nSouthCalifornia\tSouth California\tWest Coast\nSouthernCalifornia\tSouthern California\tWest Coast\n",
  "stderr": "",
  "execution_time_ms": 61
}