[
  {
    "id": "Colorado",
    "name": "Colorado",
    "region": "Big Sky"
  },
  {
    "id": "Montana",
    "name": "Montana",
    "region": "Big Sky"
  },
  {
    "id": "SouthIdaho",
    "name": "South Idaho",
    "region": "Big Sky"
  },
  {
    "id": "Utah",
    "name": "Utah",
    "region": "Big Sky"
  },
  {
    "id": "Wyoming",
    "name": "Wyoming",
    "region": "Big Sky"
  },
  {
    "id": "Illinois",
    "name": "Illinois",
    "region": "Great Lakes"
  },
  {
    "id": "Indiana",
    "name": "Indiana",
    "region": "Great Lakes"
  },
  {
    "id": "Michigan",
    "name": "Michigan",
    "region": "Great Lakes"
  },
  {
    "id": "Ohio",
    "name": "Ohio",
    "region": "Great Lakes"
  },
  {
    "id": "Minnesota",
    "name": "Minnesota",
    "region": "Great Plains North"
  },
  {
    "id": "NorthDakota",
    "name": "North Dakota",
    "region": "Great Plains North"
  },
  {
    "id": "SouthDakota",
    "name": "South Dakota",
    "region": "Great Plains North"
  },
  {
    "id": "Wisconsin-NorthMichigan",
    "name": "Wisconsin / North Michigan",
    "region": "Great Plains North"
  },
  {
    "id": "Iowa",
    "name": "Iowa",
    "region": "Great Plains South"
  },
  {
    "id": "Kansas",
    "name": "Kansas",
    "region": "Great Plains South"
  },
  {
    "id": "Nebraska",
    "name": "Nebraska",
    "region": "Great Plains South"
  },
  {
    "id": "NorthernMissouri",
    "name": "Northern Missouri",
    "region": "Great Plains South"
  },
  {
    "id": "SouthernMissouri",
    "name": "Southern Missouri",
    "region": "Great Plains South"
  },
  {
    "id": "Appalachian",
    "name": "Appalachian",
    "region": "Mid-Atlantic"
  },
  {
    "id": "Kentucky",
    "name": "Kentucky",
    "region": "Mid-Atlantic"
  },
  {
    "id": "NorthCarolina",
    "name": "North Carolina",
    "region": "Mid-Atlantic"
  },
  {
    "id": "Potomac",
    "name": "Potomac",
    "region": "Mid-Atlantic"
  },
  {
    "id": "Tennessee",
    "name": "Tennessee",
    "region": "Mid-Atlantic"
  },
  {
    "id": "NewJersey",
    "name": "New Jersey",
    "region": "Northeast"
  },
  {
    "id": "NewYork",
    "name": "New York",
    "region": "Northeast"
  },
  {
    "id": "NorthernNewEngland",
    "name": "Northern New England",
    "region": "Northeast"
  },
  {
    "id": "Penn-Del",
    "name": "Penn-Del",
    "region": "Northeast"
  },
  {
    "id": "SouthernNewEngland",
    "name": "Southern New England",
    "region": "Northeast"
  },
  {
    "id": "Alaska",
    "name": "Alaska",
    "region": "Northwest"
  },
  {
    "id": "NorthIdaho",
    "name": "North Idaho",
    "region": "Northwest"
  },
  {
    "id": "Oregon",
    "name": "Oregon",
    "region": "Northwest"
  },
  {
    "id": "Washington",
    "name": "Washington",
    "region": "Northwest"
  },
  {
    "id": "Arkansas",
    "name": "Arkansas",
    "region": "South Central"
  },
  {
    "id": "Louisiana",
    "name": "Louisiana",
    "region": "South Central"
  },
  {
    "id": "Oklahoma",
    "name": "Oklahoma",
    "region": "South Central"
  },
  {
    "id": "Alabama",
    "name": "Alabama",
    "region": "Southeast"
  },
  {
    "id": "Georgia",
    "name": "Georgia",
    "region": "Southeast"
  },
  {
    "id": "Mississippi",
    "name": "Mississippi",
    "region": "Southeast"
  },
  {
    "id": "PeninsularFlorida",
    "name": "Peninsular Florida",
    "region": "Southeast"
  },
  {
    "id": "SouthCarolina",
    "name": "South Carolina",
    "region": "Southeast"
  },
  {
    "id": "WestFlorida",
    "name": "West Florida",
    "region": "Southeast"
  },
  {
    "id": "NewMexico",
    "name": "New Mexico",
    "region": "Texico"
  },
  {
    "id": "NorthTexas",
    "name": "North Texas",
    "region": "Texico"
  },
  {
    "id": "SouthTexas",
    "name": "South Texas",
    "region": "Texico"
  },
  {
    "id": "WestTexas",
    "name": "West Texas",
    "region": "Texico"
  },
  {
    "id": "Arizona",
    "name": "Arizona",
    "region": "West Coast"
  },
  {
    "id": "Hawaii",
    "name": "Hawaii",
    "region": "West Coast"
  },
  {
    "id": "NorthernCal-Nevada",
    "name": "Northern California / Nevada",
    "region": "West Coast"
  },
  {
    "id": "SouthernCalifornia",
    "name": "Southern California",
    "region": "West Coast"
  },
  {
    "id": "XAN",
    "name": "National Team",
    "region": "National Team"
  }
]
